{
  "Actor": {
    "types": [
      "character",
      "npc"
    ],
    "templates": {
      "biodata": {
        "biodata": {
          "age": 0,
          "size": "",
          "weight": "",
          "hair": "",
          "sex": "",
          "eyes": "",
          "description": "",
          "gmnotes": ""
        }
      },
      "core": {
        "subactors": [],
        "attributes": {
          "might": {
            "label": "Might",
            "abbrev": "might",
            "value": 0,
            "bonuseffect": 0,
            "mod": 0,
            "col": 1,
            "skills": {
              "athletics": {
                "modifier": 0,
                "finalvalue": 0,
                "good": false
              },
              "block": {
                "modifier": 0,
                "finalvalue": 0,
                "good": false
              },
              "strength": {
                "modifier": 0,
                "finalvalue": 0,
                "good": false
              }
            }
          },
          "agility": {
            "label": "Agility",
            "abbrev": "agility",
            "value": 0,
            "bonuseffect": 0,
            "col": 1,
            "mod": 0,
            "skills": {
              "acrobatics": {
                "modifier": 0 ,
                "finalvalue": 0,
                "good": false               
              },
              "stealth": {
                "modifier": 0,
                "finalvalue": 0,
                "good": false                
              },
              "dodge": {
                "modifier": 0,
                "finalvalue": 0,
                "good": false                
              }
            }
          },
          "willpower": {
            "label": "Willpower",
            "abbrev": "willpower",
            "value": 0,
            "bonuseffect": 0,
            "col": 1,
            "mod": 0,
            "skills": {
              "concentration": {
                "modifier": 0,
                "finalvalue": 0,
                "good": false                
              },
              "endurance": {
                "modifier": 0 ,
                "finalvalue": 0,
                "good": false               
              },
              "resistance": {
                "modifier": 0,
                "finalvalue": 0,          
                "good": false                
              }
            }
          },
          "knowledge": {
            "label": "Knowledge",
            "abbrev": "knowledge",
            "value": 0,
            "bonuseffect": 0,
            "col": 1,
            "mod": 0,
            "skills": {
              "wilderness": {
                "modifier": 0,
                "finalvalue": 0,
                "good": false                
              },
              "academic": {
                "modifier": 0,
                "finalvalue": 0,
                "good": false                
              },
              "arcanum": {
                "modifier": 0,
                "finalvalue": 0,
                "good": false                
              },
              "medicine": {
                "modifier": 0,
                "finalvalue": 0,
                "good": false                
              },
              "thievery": {
                "modifier": 0,
                "finalvalue": 0,
                "good": false                
              }
            }
          },
          "social": {
            "label": "Social",
            "abbrev": "social",
            "value": 0,
            "bonuseffect": 0,
            "col": 1,
            "mod": 0,
            "skills": {
              "persuasion": {
                "modifier": 0,
                "finalvalue": 0,
                "good": false                
              },
              "insight": {
                "modifier": 0,
                "finalvalue": 0,
                "good": false                
              },
              "performance": {
                "modifier": 0,
                "finalvalue": 0,
                "good": false                
              },
              "animals": {
                "modifier": 0,
                "finalvalue": 0,
                "good": false                
              }
            }
          }
        },
        "universal": {
          "skills": {
            "search": {
              "label": "Search",
              "modifier": 0,
              "finalvalue": 0,
              "good": false
            },
            "initiative": {
              "label": "Initiative",
              "modifier": 0,
              "finalvalue": 0,
              "good": false
            }
          }
        },
        "level": {
          "label": "Level",
          "value": 0
        },
        "size": {
          "label": "Size",
          "value": ""
        },
        "health": {
          "value": 0,
          "tmpvalue": 0,
          "max": 0
        },
        "focus": {
          "focuspoints": 0,
          "focusregen": 0,
          "currentfocuspoints": 0
        },
        "lifeline": {
          "value": 0,
          "max": 0
        },
        "mitigation": {
          "physical": {
            "label": "Physical Damage",
            "abbrev": "physical",
            "value": 0
          },
          "fire": {
            "label": "Fire Damage",
            "abbrev": "fire",
            "iselemental": true,
            "value": 0
          },
          "lightning": {
            "label": "Lightning Damage",
            "abbrev": "lightning",
            "iselemental": true,
            "value": 0
          },
          "cold": {
            "label": "Cold Damage",
            "abbrev": "cold",
            "iselemental": true,
            "value": 0
          },
          "psychic": {
            "label": "Psychic Damage",
            "abbrev": "psychic",
            "value": 0
          },
          "dark": {
            "label": "Dark Damage",
            "abbrev": "dark",
            "value": 0
          },
          "divine": {
            "label": "Divine Damage",
            "abbrev": "divine",
            "value": 0
          },
          "arcane": {
            "label": "Aracane Damage",
            "abbrev": "arcane",
            "value": 0
          },
          "poison": {
            "label": "Poison Damage",
            "abbrev": "poison",
            "value": 0
          },
          "true": {
            "label": "True Damage",
            "abbrev": "true",
            "value": 0
          }
        },
        "bonus": {
          "ranged": {
            "attack": 0,
            "damage": 0,
            "crits": 0,
            "brutals": 0
          },
          "crush": {
            "attack": 0,
            "damage": 0,
            "crits": 0,
            "brutals": 0
          },
          "slash": {
            "attack": 0,
            "damage": 0,
            "crits": 0,
            "brutals": 0
          },
          "blunt": {
            "attack": 0,
            "damage": 0,
            "crits": 0,
            "brutals": 0
          },
          "pierce": {
            "attack": 0,
            "damage": 0,
            "crits": 0,
            "brutals": 0
          },
          "unarmed": {
            "attack": 0,
            "damage": 0
          },
          "dodge": {
            "armored": 0,
            "light": 0,
            "unarmored": 0
          },
          "stealth": {
            "armored": 0,
            "light": 0,
            "unarmored": 0
          },
          "block": {
            "armored": 0,
            "light": 0,
            "unarmored": 0
          },
          "physical": {
            "armored": 0,
            "light": 0,
            "unarmored": 0
          },
          "elemental": {
            "armored": 0,
            "light": 0,
            "unarmored": 0
          },
          "armored": {
            "remove_stealth": false,
            "cast_speed": 0
          },
          "craft": {
            "smithing": 0,
            "cooking": 0,
            "scribing": 0,
            "runecarving": 0,
            "alchemy": 0,
            "ammocraft": 0,
            "engineering": 0
          },
          "weapon": {
            "attack": 0,
            "damage": 0
          },
          "spell": {
            "attack": 0,
            "damage": 0
          }
        }
      },
      "npccore": {
        "npctype": "",
        "description": ""
      }
    },
    "character": {
      "templates": [
        "biodata",
        "core"
      ]
    }
  },
  "Item": {
    "types": [
      "spell",
      "armor",
      "shield",
      "equipment",
      "weapon",
      "module",
      "money",
      "craftingskill",
      "condition",
      "action",
      "freeaction",
      "reaction",
      "stance",
      "trait"
    ],
    "templates": {
      "commonitem": {
        "focuspointsbonus": 0,
        "focusregenbonus": 0,
        "burnchancebonus": 0,
        "mitigation": {
          "physical": {
            "value": 0
          },
          "psychic": {
            "value": 0
          },
          "fire": {
            "value": 0
          },
          "lightning": {
            "value": 0
          },
          "cold": {
            "value": 0
          },
          "dark": {
            "value": 0
          },
          "divine": {
            "value": 0
          },
          "arcane": {
            "value": 0
          }
        },
        "bonus": {
          "block": {
            "value": 0
          },
          "dodge": {
            "value": 0
          },
          "resistance": {
            "value": 0
          }
        },
        "focus": {
          "isfocus": false,
          "core": "",
          "treatment": "",
          "bond": ""
        },
        "weight": 0,
        "cost": 0,
        "health": 0,
        "movespeed": 0
      }
    },
    "craftingskill" : {
      "level": 0,
      "description": ""
    },
    "action": {
      "description": ""
    },
    "reaction": {
      "description": ""
    },
    "freeaction": {
      "description": ""
    },
    "stance": {
      "active": false,
      "description": ""
    },
    "trait": {
      "traittype": "",
      "computebonus": false,
      "bonusdata": "",
      "bonusvalue": 0,
      "description": ""
    },
    "spell": {
      "spelltype": "",
      "actions": "",
      "chargeeffect": "",
      "school": "",
      "damage": "",
      "damagetype": "",
      "damagesecondary": "",
      "damagesecondarytype": "",
      "range": 0,
      "components": "",
      "reaction": false,
      "sustained": false,
      "level":"",
      "value": 0,
      "description": ""
    },
    "armor": {
      "templates": [
        "commonitem"
      ],
      "equipped": false,
      "category": "",
      "description": ""
    },
    "shield": {
      "category": "",
      "templates": [
        "commonitem"
      ],
      "equipped": false,
      "description": ""
    },
    "equipment": {
      "equiptype": "",
      "templates": [
        "commonitem"
      ],
      "quantity": 0,
      "equipped": false,
      "description": ""
    },
    "money": {
      "value": 0,
      "abbreviation": "",
      "quantity": 0,
      "weight": 0,
      "description": ""
    },
    "weapon": {
      "weapontype": "",
      "category": "",
      "templates": [
        "commonitem"
      ],
      "attackbonus": 0,
      "minrange": 0,
      "maxrange": 0,
      "throwrange": 0,
      "magical": false,
      "blackenediron": false,
      "silvered": false,
      "equipped": false,
      "damages": {
        "primary": {
          "damagetype": "",
          "dice": "",
          "bonus": ""
        },
        "secondary": {
          "damagetype": "",
          "dice": "",
          "bonus": ""
        },
        "tertiary": {
          "damagetype": "",
          "dice": "",
          "bonus": ""
        }
      },
      "description": ""
    },
    "module": {
      "levels": [],
      "description": ""
    },
    "condition": {
      "description": ""
    }
  }
}